timestamp,unit_id,unit_type,empire_or_resistance,location_x,location_y,destination_x,destination_y,homeworld
2024-05-20 16:23:05,1,tie_fighter,empire,7,9,2,3,Kalee
2024-05-20 16:23:04,2,resistance_soldier,resistance,1,5,10,5,Corellia
2024-05-20 16:23:03,3,at-st,resistance,7,8,6,7,Stewjon
2024-05-20 16:23:02,4,at-st,empire,2,1,1,6,Dathomir
2024-05-20 16:23:01,5,at-at,resistance,5,2,10,8,Troiken
2024-05-20 16:23:00,6,at-st,empire,9,4,4,1,Ojom
2024-05-20 16:22:59,7,at-st,empire,6,2,6,10,Alderaan
2024-05-20 16:22:58,8,x-wing,resistance,1,6,3,10,Corellia
2024-05-20 16:22:57,9,tie_fighter,empire,2,9,3,5,Quermia
2024-05-20 16:22:56,10,at-st,resistance,8,4,6,1,Kalee
2024-05-20 16:22:55,11,x-wing,resistance,3,7,9,9,Tund
2024-05-20 16:22:54,12,resistance_soldier,empire,8,6,8,7,Concord Dawn
2024-05-20 16:22:53,13,tie_fighter,empire,1,5,10,7,Chandrila
2024-05-20 16:22:52,14,stormtrooper,empire,8,2,3,2,Glee Anselm
2024-05-20 16:22:51,15,unknown,empire,5,7,9,9,Chandrila
2024-05-20 16:22:50,16,x-wing,resistance,3,2,8,1,Trandosha
2024-05-20 16:22:49,17,tie_silencer,resistance,6,5,10,8,Quermia
2024-05-20 16:22:48,18,at-st,empire,8,4,1,10,Malastare
2024-05-20 16:22:47,19,tie_silencer,resistance,1,9,5,5,Iridonia
2024-05-20 16:22:46,20,unknown,empire,8,10,4,4,Chandrila
2024-05-20 16:22:45,21,at-at,empire,10,10,7,2,Stewjon
2024-05-20 16:22:44,22,unknown,resistance,7,7,7,8,Ryloth
2024-05-20 16:22:43,23,stormtrooper,resistance,5,7,6,6,Kalee
2024-05-20 16:22:42,24,tie_fighter,empire,9,1,6,6,Mirial
2024-05-20 16:22:41,25,at-st,empire,6,2,8,8,Stewjon
2024-05-20 16:22:40,26,at-st,empire,3,5,8,7,Umbara
2024-05-20 16:22:39,27,tie_silencer,empire,10,3,2,3,Ryloth
2024-05-20 16:22:38,28,x-wing,empire,6,2,9,7,Socorro
2024-05-20 16:22:37,29,at-at,empire,10,4,6,9,Toydaria
2024-05-20 16:22:36,30,stormtrooper,resistance,9,1,10,9,Shili
2024-05-20 16:22:35,31,tie_silencer,resistance,5,2,5,6,Champala
2024-05-20 16:22:34,32,resistance_soldier,resistance,7,1,6,10,Rodia
2024-05-20 16:22:33,33,at-st,empire,6,5,10,1,Bestine IV
2024-05-20 16:22:32,34,at-st,resistance,7,10,8,7,Malastare
2024-05-20 16:22:31,35,tie_fighter,empire,1,5,7,6,Naboo
2024-05-20 16:22:30,36,resistance_soldier,resistance,6,1,1,8,Quermia
2024-05-20 16:22:29,37,tie_fighter,resistance,5,3,10,8,Alderaan
2024-05-20 16:22:28,38,tie_fighter,empire,6,10,1,9,Muunilinst
2024-05-20 16:22:27,39,tie_silencer,empire,6,9,7,4,Corellia
2024-05-20 16:22:26,40,at-at,resistance,3,5,4,1,Kalee
2024-05-20 16:22:25,41,unknown,empire,8,7,9,5,Kalee
2024-05-20 16:22:24,42,tie_silencer,resistance,3,7,4,8,Rodia
2024-05-20 16:22:23,43,x-wing,resistance,7,3,1,3,Iridonia
2024-05-20 16:22:22,44,x-wing,empire,7,9,4,6,Glee Anselm
2024-05-20 16:22:21,45,tie_silencer,empire,8,9,1,8,Dagobah
2024-05-20 16:22:20,46,unknown,empire,4,5,10,8,Mon Cala
2024-05-20 16:22:19,47,at-st,resistance,10,8,2,9,Chandrila
2024-05-20 16:22:18,48,resistance_soldier,empire,10,1,10,7,Champala
2024-05-20 16:22:17,49,at-st,resistance,5,8,6,5,Corellia
2024-05-20 16:22:16,50,tie_fighter,empire,10,6,3,3,Champala
2024-05-20 16:22:15,51,at-at,empire,2,5,10,1,Iridonia
2024-05-20 16:22:14,52,x-wing,empire,4,1,7,1,Iridonia
2024-05-20 16:22:13,53,unknown,resistance,7,2,9,6,Alderaan
2024-05-20 16:22:12,54,at-at,resistance,9,7,1,6,Dorin
2024-05-20 16:22:11,55,at-st,resistance,10,7,1,6,Iktotch
2024-05-20 16:22:10,56,stormtrooper,resistance,4,4,6,9,Sullust
2024-05-20 16:22:09,57,x-wing,empire,5,6,10,10,Serenno
2024-05-20 16:22:08,58,tie_silencer,resistance,6,9,3,4,Shili
2024-05-20 16:22:07,59,resistance_soldier,resistance,1,9,9,3,Zolan
2024-05-20 16:22:06,60,at-st,empire,4,8,6,4,Iridonia
2024-05-20 16:22:05,61,resistance_soldier,empire,1,6,9,9,Concord Dawn
2024-05-20 16:22:04,62,tie_fighter,resistance,3,9,3,8,Haruun Kal
2024-05-20 16:22:03,63,unknown,resistance,6,3,7,7,Stewjon
2024-05-20 16:22:02,64,stormtrooper,empire,5,5,8,10,Trandosha
2024-05-20 16:22:01,65,at-at,empire,5,9,1,4,Iridonia
2024-05-20 16:22:00,66,stormtrooper,empire,7,5,9,10,Naboo
2024-05-20 16:21:59,67,stormtrooper,resistance,6,6,7,5,Tholoth
2024-05-20 16:21:58,68,at-at,resistance,3,7,2,10,Champala
2024-05-20 16:21:57,69,at-at,empire,5,3,5,5,Dorin
2024-05-20 16:21:56,70,unknown,empire,1,3,10,4,Concord Dawn
2024-05-20 16:21:55,71,at-at,resistance,5,2,7,2,Dorin
2024-05-20 16:21:54,72,resistance_soldier,empire,3,6,2,2,Troiken
2024-05-20 16:21:53,73,tie_fighter,resistance,3,4,10,5,Corellia
2024-05-20 16:21:52,74,resistance_soldier,resistance,6,5,1,4,Cerea
2024-05-20 16:21:51,75,x-wing,resistance,3,4,1,5,Rodia
2024-05-20 16:21:50,76,resistance_soldier,resistance,1,10,1,1,Tholoth
2024-05-20 16:21:49,77,tie_fighter,empire,3,6,8,5,Socorro
2024-05-20 16:21:48,78,tie_silencer,empire,6,9,1,7,Malastare
2024-05-20 16:21:47,79,unknown,resistance,1,9,8,9,Corellia
2024-05-20 16:21:46,80,tie_fighter,empire,5,4,2,10,Toydaria
2024-05-20 16:21:45,81,resistance_soldier,resistance,6,7,4,1,Eriadu
2024-05-20 16:21:44,82,at-at,resistance,4,1,10,9,Chandrila
2024-05-20 16:21:43,83,stormtrooper,resistance,2,4,6,1,Kalee
2024-05-20 16:21:42,84,tie_silencer,empire,1,2,2,3,Muunilinst
2024-05-20 16:21:41,85,stormtrooper,resistance,8,1,1,1,Iridonia
2024-05-20 16:21:40,86,tie_fighter,empire,7,2,9,10,Vulpter
2024-05-20 16:21:39,87,tie_fighter,resistance,9,3,2,1,Alderaan
2024-05-20 16:21:38,88,tie_fighter,empire,7,2,10,10,Tatooine
2024-05-20 16:21:37,89,unknown,resistance,9,10,5,7,Dagobah
2024-05-20 16:21:36,90,resistance_soldier,empire,10,9,7,8,Muunilinst
2024-05-20 16:21:35,91,unknown,resistance,8,4,2,5,Iridonia
2024-05-20 16:21:34,92,x-wing,resistance,3,1,7,3,Muunilinst
2024-05-20 16:21:33,93,resistance_soldier,resistance,5,7,4,6,Socorro
2024-05-20 16:21:32,94,at-at,empire,2,4,9,10,Troiken
2024-05-20 16:21:31,95,unknown,resistance,1,9,3,6,Troiken
2024-05-20 16:21:30,96,tie_fighter,empire,3,3,8,10,Tatooine
2024-05-20 16:21:29,97,at-at,resistance,6,10,3,8,Champala
2024-05-20 16:21:28,98,resistance_soldier,resistance,6,4,3,3,Troiken
2024-05-20 16:21:27,99,tie_fighter,empire,7,5,5,2,Kashyyyk
2024-05-20 16:21:26,100,tie_fighter,resistance,4,6,4,9,Naboo
2024-05-20 16:21:25,101,tie_silencer,empire,2,9,6,10,Eriadu
2024-05-20 16:21:24,102,x-wing,empire,4,2,4,9,Cerea
2024-05-20 16:21:23,103,tie_fighter,resistance,4,10,5,4,Mon Cala
2024-05-20 16:21:22,104,at-st,empire,4,8,9,1,Dathomir
2024-05-20 16:21:21,105,stormtrooper,resistance,8,3,10,7,Haruun Kal
2024-05-20 16:21:20,106,at-st,empire,10,3,6,4,Aleen Minor
2024-05-20 16:21:19,107,stormtrooper,empire,2,2,9,9,Tholoth
2024-05-20 16:21:18,108,stormtrooper,empire,8,2,7,7,Muunilinst
2024-05-20 16:21:17,109,x-wing,resistance,7,9,6,10,Toydaria
2024-05-20 16:21:16,110,resistance_soldier,resistance,8,6,8,6,Toydaria
2024-05-20 16:21:15,111,resistance_soldier,resistance,8,8,6,6,Malastare
2024-05-20 16:21:14,112,tie_fighter,resistance,7,3,6,9,Iktotch
2024-05-20 16:21:13,113,x-wing,resistance,2,4,6,4,Troiken
2024-05-20 16:21:12,114,x-wing,resistance,2,2,1,4,Tholoth
2024-05-20 16:21:11,115,stormtrooper,empire,8,4,2,1,Toydaria
2024-05-20 16:21:10,116,x-wing,resistance,5,2,3,3,Dagobah
2024-05-20 16:21:09,117,stormtrooper,resistance,9,2,7,5,Eriadu
2024-05-20 16:21:08,118,unknown,empire,9,9,7,7,Ojom
2024-05-20 16:21:07,119,resistance_soldier,empire,9,10,8,9,Rodia
2024-05-20 16:21:06,120,at-at,resistance,7,1,4,2,Aleen Minor
2024-05-20 16:21:05,121,tie_fighter,empire,4,10,5,4,Shili
2024-05-20 16:21:04,122,at-at,empire,4,10,9,3,Aleen Minor
2024-05-20 16:21:03,123,unknown,empire,9,10,9,7,Dorin
2024-05-20 16:21:02,124,unknown,resistance,7,9,6,10,Kalee
2024-05-20 16:21:01,125,stormtrooper,resistance,5,8,6,3,Socorro
2024-05-20 16:21:00,126,tie_fighter,resistance,3,7,4,3,Cerea
2024-05-20 16:20:59,127,at-st,empire,7,8,5,8,Kalee
2024-05-20 16:20:58,128,x-wing,resistance,8,3,8,10,Ryloth
2024-05-20 16:20:57,129,resistance_soldier,empire,1,5,6,6,Socorro
2024-05-20 16:20:56,130,at-at,empire,4,4,6,9,Muunilinst
2024-05-20 16:20:55,131,at-at,empire,6,4,3,8,Toydaria
2024-05-20 16:20:54,132,tie_silencer,resistance,5,7,9,10,Troiken
2024-05-20 16:20:53,133,tie_silencer,resistance,9,5,5,9,Eriadu
2024-05-20 16:20:52,134,at-st,resistance,3,7,8,10,Kashyyyk
2024-05-20 16:20:51,135,at-st,empire,2,8,1,9,Champala
2024-05-20 16:20:50,136,unknown,resistance,9,2,4,5,Kalee
2024-05-20 16:20:49,137,tie_silencer,empire,6,10,9,10,Tholoth
2024-05-20 16:20:48,138,tie_fighter,empire,6,7,5,10,Serenno
2024-05-20 16:20:47,139,tie_silencer,resistance,7,10,9,9,Shili
2024-05-20 16:20:46,140,tie_silencer,resistance,5,2,8,7,Corellia
2024-05-20 16:20:45,141,unknown,resistance,8,6,7,4,Mirial
2024-05-20 16:20:44,142,at-at,empire,8,9,6,2,Umbara
2024-05-20 16:20:43,143,tie_fighter,resistance,9,3,4,10,Naboo
2024-05-20 16:20:42,144,resistance_soldier,empire,2,7,2,10,Ojom
2024-05-20 16:20:41,145,at-at,resistance,5,3,4,9,Dagobah
2024-05-20 16:20:40,146,stormtrooper,resistance,5,9,4,6,Tund
2024-05-20 16:20:39,147,stormtrooper,resistance,3,8,1,10,Bestine IV
2024-05-20 16:20:38,148,at-st,empire,9,8,5,6,Champala
2024-05-20 16:20:37,149,at-at,resistance,1,9,6,7,Muunilinst
2024-05-20 16:20:36,150,at-at,empire,6,6,6,9,Muunilinst
2024-05-20 16:20:35,151,resistance_soldier,empire,7,6,1,9,Alderaan
2024-05-20 16:20:34,152,at-at,empire,1,5,5,5,Concord Dawn
2024-05-20 16:20:33,153,at-st,empire,5,10,5,9,Vulpter
2024-05-20 16:20:32,154,resistance_soldier,empire,9,3,7,1,Ojom
2024-05-20 16:20:31,155,tie_fighter,resistance,10,10,6,7,Serenno
2024-05-20 16:20:30,156,stormtrooper,empire,1,7,2,1,Corellia
2024-05-20 16:20:29,157,stormtrooper,resistance,1,8,4,8,Ryloth
2024-05-20 16:20:28,158,unknown,resistance,1,4,10,4,Iktotch
2024-05-20 16:20:27,159,stormtrooper,resistance,5,6,3,10,Dathomir
2024-05-20 16:20:26,160,tie_silencer,resistance,9,9,9,10,Rodia
2024-05-20 16:20:25,161,tie_fighter,resistance,4,10,10,7,Iridonia
2024-05-20 16:20:24,162,stormtrooper,resistance,3,9,4,9,Muunilinst
2024-05-20 16:20:23,163,resistance_soldier,empire,1,3,2,5,Tholoth
2024-05-20 16:20:22,164,resistance_soldier,resistance,3,2,1,7,Cerea
2024-05-20 16:20:21,165,stormtrooper,resistance,10,3,1,6,Champala
2024-05-20 16:20:20,166,stormtrooper,empire,10,6,7,4,Corellia
2024-05-20 16:20:19,167,x-wing,resistance,8,8,8,5,Umbara
2024-05-20 16:20:18,168,at-st,resistance,1,4,8,10,Dagobah
2024-05-20 16:20:17,169,tie_fighter,empire,8,10,2,2,Kashyyyk
2024-05-20 16:20:16,170,at-at,resistance,9,2,10,10,Bestine IV
2024-05-20 16:20:15,171,at-at,empire,5,6,8,8,Iridonia
2024-05-20 16:20:14,172,unknown,empire,6,4,6,6,Rodia
2024-05-20 16:20:13,173,unknown,resistance,6,3,8,10,Concord Dawn
2024-05-20 16:20:12,174,x-wing,empire,2,2,10,10,Tatooine
2024-05-20 16:20:11,175,resistance_soldier,resistance,2,1,7,3,Troiken
2024-05-20 16:20:10,176,resistance_soldier,empire,5,3,4,8,Troiken
2024-05-20 16:20:09,177,tie_fighter,resistance,5,5,10,3,Ojom
2024-05-20 16:20:08,178,stormtrooper,resistance,9,4,1,2,Skako
2024-05-20 16:20:07,179,unknown,empire,10,3,1,8,Aleen Minor
2024-05-20 16:20:06,180,at-st,resistance,6,7,6,10,Kashyyyk
2024-05-20 16:20:05,181,at-at,empire,7,8,3,2,Aleen Minor
2024-05-20 16:20:04,182,tie_fighter,empire,10,4,5,4,Socorro
2024-05-20 16:20:03,183,unknown,empire,5,8,1,3,Eriadu
2024-05-20 16:20:02,184,stormtrooper,empire,4,7,5,8,Eriadu
2024-05-20 16:20:01,185,at-at,resistance,8,9,10,1,Sullust
2024-05-20 16:20:00,186,tie_fighter,resistance,10,7,6,6,Cerea
2024-05-20 16:19:59,187,at-at,empire,2,6,4,6,Cerea
2024-05-20 16:19:58,188,tie_silencer,empire,1,7,7,5,Corellia
2024-05-20 16:19:57,189,stormtrooper,resistance,7,3,1,9,Serenno
2024-05-20 16:19:56,190,x-wing,empire,3,4,2,2,Mirial
2024-05-20 16:19:55,191,x-wing,empire,3,10,7,2,Socorro
2024-05-20 16:19:54,192,stormtrooper,empire,7,8,6,9,Zolan
2024-05-20 16:19:53,193,at-st,empire,5,8,3,9,Dagobah
2024-05-20 16:19:52,194,tie_fighter,resistance,4,5,9,10,Sullust
2024-05-20 16:19:51,195,at-at,resistance,3,10,6,8,Haruun Kal
2024-05-20 16:19:50,196,unknown,resistance,7,5,6,8,Champala
2024-05-20 16:19:49,197,unknown,empire,10,6,4,5,Quermia
2024-05-20 16:19:48,198,at-st,empire,7,7,5,4,Concord Dawn
2024-05-20 16:19:47,199,tie_fighter,resistance,9,2,8,1,Shili
2024-05-20 16:19:46,200,resistance_soldier,resistance,1,10,7,3,Stewjon
2024-05-20 16:19:45,201,unknown,empire,7,3,5,8,Bestine IV
2024-05-20 16:19:44,202,unknown,resistance,1,10,2,8,Ryloth
2024-05-20 16:19:43,203,unknown,resistance,5,7,2,9,Sullust
2024-05-20 16:19:42,204,at-st,empire,9,1,2,8,Quermia
2024-05-20 16:19:41,205,unknown,empire,5,4,10,3,Alderaan
2024-05-20 16:19:40,206,at-at,resistance,7,8,10,5,Trandosha
2024-05-20 16:19:39,207,tie_fighter,resistance,9,7,6,4,Dorin
2024-05-20 16:19:38,208,at-st,empire,1,1,5,2,Ryloth
2024-05-20 16:19:37,209,tie_silencer,empire,10,7,4,9,Tatooine
2024-05-20 16:19:36,210,at-st,empire,9,6,1,8,Quermia
2024-05-20 16:19:35,211,unknown,resistance,1,10,1,7,Stewjon
2024-05-20 16:19:34,212,at-st,resistance,8,4,4,7,Eriadu
2024-05-20 16:19:33,213,x-wing,empire,4,9,10,5,Dorin
2024-05-20 16:19:32,214,tie_silencer,resistance,2,8,1,4,Malastare
2024-05-20 16:19:31,215,stormtrooper,resistance,10,7,5,6,Socorro
2024-05-20 16:19:30,216,at-at,resistance,2,5,8,1,Serenno
2024-05-20 16:19:29,217,at-st,resistance,10,2,8,7,Rodia
2024-05-20 16:19:28,218,stormtrooper,resistance,1,9,8,7,Toydaria
2024-05-20 16:19:27,219,unknown,resistance,2,1,6,9,Iridonia
2024-05-20 16:19:26,220,stormtrooper,resistance,2,4,9,7,Vulpter
2024-05-20 16:19:25,221,at-st,empire,3,2,1,8,Concord Dawn
2024-05-20 16:19:24,222,at-st,resistance,10,8,1,7,Concord Dawn
2024-05-20 16:19:23,223,unknown,resistance,3,8,10,9,Socorro
2024-05-20 16:19:22,224,at-st,resistance,7,8,10,9,Muunilinst
2024-05-20 16:19:21,225,resistance_soldier,empire,1,2,7,6,Kalee
2024-05-20 16:19:20,226,tie_silencer,empire,5,4,2,9,Dorin
2024-05-20 16:19:19,227,stormtrooper,empire,8,1,3,6,Aleen Minor
2024-05-20 16:19:18,228,tie_fighter,resistance,6,8,2,8,Aleen Minor
2024-05-20 16:19:17,229,stormtrooper,resistance,8,8,6,3,Tund
2024-05-20 16:19:16,230,stormtrooper,empire,4,4,1,2,Dorin
2024-05-20 16:19:15,231,at-at,empire,6,6,8,10,Aleen Minor
2024-05-20 16:19:14,232,x-wing,empire,1,8,8,7,Dagobah
2024-05-20 16:19:13,233,tie_silencer,resistance,4,8,3,2,Alderaan
2024-05-20 16:19:12,234,at-at,resistance,8,4,8,1,Tatooine
2024-05-20 16:19:11,235,tie_silencer,empire,1,8,4,5,Concord Dawn
2024-05-20 16:19:10,236,unknown,empire,3,7,2,8,Glee Anselm
2024-05-20 16:19:09,237,at-at,resistance,5,2,9,8,Tund
2024-05-20 16:19:08,238,stormtrooper,empire,2,8,7,10,Malastare
2024-05-20 16:19:07,239,unknown,empire,3,1,5,3,Ojom
2024-05-20 16:19:06,240,unknown,resistance,10,9,9,10,Malastare
2024-05-20 16:19:05,241,x-wing,resistance,8,7,7,8,Tholoth
2024-05-20 16:19:04,242,tie_silencer,resistance,4,1,7,9,Dorin
2024-05-20 16:19:03,243,x-wing,empire,7,4,7,6,Kalee
2024-05-20 16:19:02,244,unknown,resistance,8,5,3,3,Iridonia
2024-05-20 16:19:01,245,x-wing,empire,6,6,6,2,Bestine IV
2024-05-20 16:19:00,246,x-wing,empire,10,10,9,1,Tholoth
2024-05-20 16:18:59,247,tie_fighter,empire,10,8,6,2,Malastare
2024-05-20 16:18:58,248,unknown,empire,10,9,9,5,Troiken
2024-05-20 16:18:57,249,tie_silencer,resistance,3,5,3,7,Iktotch
2024-05-20 16:18:56,250,x-wing,empire,5,4,8,10,Malastare
2024-05-20 16:18:55,251,resistance_soldier,empire,2,2,8,2,Quermia
2024-05-20 16:18:54,252,unknown,empire,1,9,9,9,Kalee
2024-05-20 16:18:53,253,x-wing,resistance,6,10,1,10,Cerea
2024-05-20 16:18:52,254,resistance_soldier,empire,10,9,1,9,Dathomir
2024-05-20 16:18:51,255,at-at,resistance,7,2,3,3,Dathomir
2024-05-20 16:18:50,256,tie_silencer,empire,8,8,10,4,Stewjon
2024-05-20 16:18:49,257,tie_silencer,empire,6,6,4,6,Cerea
2024-05-20 16:18:48,258,resistance_soldier,empire,2,4,9,7,Vulpter
2024-05-20 16:18:47,259,stormtrooper,resistance,7,7,1,8,Umbara
2024-05-20 16:18:46,260,at-st,empire,7,6,4,6,Iktotch
2024-05-20 16:18:45,261,x-wing,resistance,9,3,1,1,Rodia
2024-05-20 16:18:44,262,tie_fighter,resistance,2,6,9,6,Trandosha
2024-05-20 16:18:43,263,tie_fighter,resistance,1,8,1,7,Ojom
2024-05-20 16:18:42,264,stormtrooper,empire,3,8,8,7,Concord Dawn
2024-05-20 16:18:41,265,resistance_soldier,resistance,1,7,6,3,Ryloth
2024-05-20 16:18:40,266,tie_fighter,resistance,6,6,5,3,Ryloth
2024-05-20 16:18:39,267,tie_silencer,resistance,8,3,1,3,Chandrila
2024-05-20 16:18:38,268,tie_silencer,resistance,3,8,4,8,Tund
2024-05-20 16:18:37,269,at-at,resistance,6,2,9,3,Umbara
2024-05-20 16:18:36,270,unknown,resistance,8,4,8,1,Aleen Minor
2024-05-20 16:18:35,271,tie_fighter,resistance,4,7,7,10,Ojom
2024-05-20 16:18:34,272,x-wing,empire,9,1,8,5,Iridonia
2024-05-20 16:18:33,273,tie_silencer,empire,3,6,9,1,Kashyyyk
2024-05-20 16:18:32,274,resistance_soldier,empire,6,2,1,7,Tatooine
2024-05-20 16:18:31,275,at-at,resistance,4,10,4,10,Bestine IV
2024-05-20 16:18:30,276,x-wing,resistance,7,3,3,2,Naboo
2024-05-20 16:18:29,277,stormtrooper,resistance,7,2,5,5,Haruun Kal
2024-05-20 16:18:28,278,tie_fighter,resistance,1,1,4,7,Rodia
2024-05-20 16:18:27,279,at-at,resistance,1,9,6,4,Tatooine
2024-05-20 16:18:26,280,tie_fighter,empire,10,8,1,4,Ojom
2024-05-20 16:18:25,281,at-st,resistance,6,3,10,4,Champala
2024-05-20 16:18:24,282,tie_silencer,empire,10,8,2,7,Skako
2024-05-20 16:18:23,283,unknown,resistance,8,1,8,3,Toydaria
2024-05-20 16:18:22,284,x-wing,empire,4,8,10,4,Stewjon
2024-05-20 16:18:21,285,at-st,empire,8,1,9,3,Toydaria
2024-05-20 16:18:20,286,tie_silencer,empire,8,6,8,1,Chandrila
2024-05-20 16:18:19,287,tie_silencer,resistance,8,3,1,2,Cerea
2024-05-20 16:18:18,288,at-at,empire,3,3,8,1,Malastare
2024-05-20 16:18:17,289,tie_fighter,resistance,7,10,4,1,Quermia
2024-05-20 16:18:16,290,resistance_soldier,resistance,3,10,5,10,Glee Anselm
2024-05-20 16:18:15,291,x-wing,empire,7,4,3,5,Concord Dawn
2024-05-20 16:18:14,292,unknown,resistance,4,5,9,4,Umbara
2024-05-20 16:18:13,293,stormtrooper,resistance,8,4,1,10,Iktotch
2024-05-20 16:18:12,294,x-wing,resistance,5,5,10,7,Vulpter
2024-05-20 16:18:11,295,at-at,empire,2,7,1,6,Vulpter
2024-05-20 16:18:10,296,tie_silencer,resistance,4,2,5,10,Toydaria
2024-05-20 16:18:09,297,tie_fighter,resistance,4,6,7,1,Dagobah
2024-05-20 16:18:08,298,tie_silencer,empire,10,4,9,6,Iridonia
2024-05-20 16:18:07,299,tie_silencer,resistance,5,6,3,5,Haruun Kal
2024-05-20 16:18:06,300,at-at,resistance,2,6,5,6,Troiken
2024-05-20 16:18:05,301,resistance_soldier,resistance,9,3,2,3,Bestine IV
2024-05-20 16:18:04,302,tie_fighter,resistance,9,2,5,1,Socorro
2024-05-20 16:18:03,303,resistance_soldier,resistance,7,2,10,10,Umbara
2024-05-20 16:18:02,304,at-st,resistance,4,6,2,4,Shili
2024-05-20 16:18:01,305,x-wing,resistance,9,10,1,5,Quermia
2024-05-20 16:18:00,306,x-wing,empire,4,3,1,9,Umbara
2024-05-20 16:17:59,307,at-st,resistance,3,3,10,7,Tatooine
2024-05-20 16:17:58,308,stormtrooper,resistance,5,1,1,7,Ojom
2024-05-20 16:17:57,309,tie_silencer,resistance,4,2,7,3,Bestine IV
2024-05-20 16:17:56,310,resistance_soldier,empire,10,3,5,8,Shili
2024-05-20 16:17:55,311,x-wing,resistance,7,7,8,8,Umbara
2024-05-20 16:17:54,312,at-at,empire,5,7,2,1,Socorro
2024-05-20 16:17:53,313,stormtrooper,empire,1,10,1,1,Rodia
2024-05-20 16:17:52,314,at-st,resistance,5,6,7,3,Eriadu
2024-05-20 16:17:51,315,tie_silencer,resistance,7,9,4,9,Concord Dawn
2024-05-20 16:17:50,316,resistance_soldier,resistance,7,5,8,3,Naboo
2024-05-20 16:17:49,317,tie_fighter,empire,9,8,8,5,Ojom
2024-05-20 16:17:48,318,tie_fighter,empire,9,3,2,8,Ojom
2024-05-20 16:17:47,319,at-st,resistance,4,7,8,8,Rodia
2024-05-20 16:17:46,320,at-at,empire,3,7,1,1,Iktotch
2024-05-20 16:17:45,321,unknown,resistance,7,8,3,3,Mirial
2024-05-20 16:17:44,322,resistance_soldier,empire,5,9,1,7,Haruun Kal
2024-05-20 16:17:43,323,x-wing,resistance,10,6,6,3,Naboo
2024-05-20 16:17:42,324,x-wing,empire,4,4,10,6,Zolan
2024-05-20 16:17:41,325,stormtrooper,empire,3,3,2,6,Trandosha
2024-05-20 16:17:40,326,at-st,empire,1,8,1,5,Dorin
2024-05-20 16:17:39,327,tie_silencer,empire,10,8,5,5,Shili
2024-05-20 16:17:38,328,at-at,empire,9,2,4,5,Cerea
2024-05-20 16:17:37,329,tie_silencer,empire,4,4,3,7,Glee Anselm
2024-05-20 16:17:36,330,tie_fighter,empire,8,3,9,8,Dagobah
2024-05-20 16:17:35,331,at-at,empire,5,4,3,2,Dorin
2024-05-20 16:17:34,332,at-at,empire,9,5,2,9,Tund
2024-05-20 16:17:33,333,resistance_soldier,resistance,7,9,8,2,Sullust
2024-05-20 16:17:32,334,tie_silencer,resistance,4,4,1,8,Iktotch
2024-05-20 16:17:31,335,resistance_soldier,resistance,7,3,5,3,Dagobah
2024-05-20 16:17:30,336,at-at,empire,2,7,4,4,Alderaan
2024-05-20 16:17:29,337,stormtrooper,resistance,2,7,7,5,Kalee
2024-05-20 16:17:28,338,stormtrooper,empire,1,3,7,2,Chandrila
2024-05-20 16:17:27,339,at-st,resistance,3,7,1,2,Vulpter
2024-05-20 16:17:26,340,resistance_soldier,empire,5,6,4,3,Shili
2024-05-20 16:17:25,341,tie_silencer,empire,1,7,6,8,Shili
2024-05-20 16:17:24,342,tie_silencer,empire,7,6,10,4,Alderaan
2024-05-20 16:17:23,343,x-wing,empire,4,6,4,1,Mirial
2024-05-20 16:17:22,344,at-at,resistance,4,9,6,5,Aleen Minor
2024-05-20 16:17:21,345,stormtrooper,resistance,3,10,1,4,Dagobah
2024-05-20 16:17:20,346,at-at,resistance,5,7,5,10,Alderaan
2024-05-20 16:17:19,347,resistance_soldier,resistance,3,4,2,1,Malastare
2024-05-20 16:17:18,348,x-wing,resistance,9,8,9,7,Kashyyyk
2024-05-20 16:17:17,349,unknown,empire,7,10,9,10,Umbara
2024-05-20 16:17:16,350,stormtrooper,resistance,5,4,3,4,Sullust
2024-05-20 16:17:15,351,unknown,resistance,1,5,4,8,Sullust
2024-05-20 16:17:14,352,x-wing,resistance,6,6,4,7,Tatooine
2024-05-20 16:17:13,353,at-st,empire,9,9,4,10,Muunilinst
2024-05-20 16:17:12,354,tie_fighter,empire,1,4,6,7,Naboo
2024-05-20 16:17:11,355,at-st,empire,8,4,1,9,Troiken
2024-05-20 16:17:10,356,unknown,empire,8,2,4,3,Quermia
2024-05-20 16:17:09,357,resistance_soldier,empire,8,5,3,1,Haruun Kal
2024-05-20 16:17:08,358,tie_silencer,resistance,3,6,1,10,Shili
2024-05-20 16:17:07,359,stormtrooper,empire,4,9,7,2,Champala
2024-05-20 16:17:06,360,unknown,empire,2,4,6,3,Champala
2024-05-20 16:17:05,361,tie_fighter,empire,4,5,3,2,Mirial
2024-05-20 16:17:04,362,resistance_soldier,resistance,2,1,7,4,Iktotch
2024-05-20 16:17:03,363,at-st,empire,5,6,7,5,Troiken
2024-05-20 16:17:02,364,tie_fighter,resistance,9,10,1,7,Iktotch
2024-05-20 16:17:01,365,resistance_soldier,resistance,7,1,10,7,Ryloth
2024-05-20 16:17:00,366,tie_silencer,empire,10,9,3,1,Aleen Minor
2024-05-20 16:16:59,367,x-wing,resistance,3,8,10,8,Tatooine
2024-05-20 16:16:58,368,unknown,empire,6,3,1,8,Chandrila
2024-05-20 16:16:57,369,tie_silencer,resistance,4,2,8,4,Mirial
2024-05-20 16:16:56,370,tie_silencer,empire,2,6,1,6,Stewjon
2024-05-20 16:16:55,371,at-at,resistance,2,5,1,6,Ryloth
2024-05-20 16:16:54,372,stormtrooper,resistance,2,1,1,8,Troiken
2024-05-20 16:16:53,373,tie_fighter,empire,2,6,9,5,Iktotch
2024-05-20 16:16:52,374,at-st,resistance,8,10,4,8,Ryloth
2024-05-20 16:16:51,375,resistance_soldier,empire,9,6,3,6,Serenno
2024-05-20 16:16:50,376,tie_fighter,empire,3,4,3,4,Dagobah
2024-05-20 16:16:49,377,resistance_soldier,empire,4,5,3,6,Dagobah
2024-05-20 16:16:48,378,x-wing,resistance,9,10,4,10,Chandrila
2024-05-20 16:16:47,379,resistance_soldier,empire,7,7,3,2,Glee Anselm
2024-05-20 16:16:46,380,x-wing,empire,5,6,4,5,Mon Cala
2024-05-20 16:16:45,381,x-wing,resistance,9,9,1,2,Tund
2024-05-20 16:16:44,382,resistance_soldier,resistance,10,1,5,5,Dathomir
2024-05-20 16:16:43,383,at-at,resistance,4,5,3,1,Naboo
2024-05-20 16:16:42,384,unknown,empire,2,8,6,8,Naboo
2024-05-20 16:16:41,385,stormtrooper,empire,2,10,2,10,Dagobah
2024-05-20 16:16:40,386,stormtrooper,resistance,7,2,3,5,Alderaan
2024-05-20 16:16:39,387,resistance_soldier,empire,1,8,6,5,Rodia
2024-05-20 16:16:38,388,unknown,resistance,4,5,9,5,Iridonia
2024-05-20 16:16:37,389,x-wing,resistance,10,3,1,6,Toydaria
2024-05-20 16:16:36,390,resistance_soldier,resistance,9,8,2,1,Troiken
2024-05-20 16:16:35,391,unknown,resistance,9,8,7,7,Muunilinst
2024-05-20 16:16:34,392,tie_fighter,empire,3,7,6,5,Malastare
2024-05-20 16:16:33,393,stormtrooper,empire,7,8,6,3,Malastare
2024-05-20 16:16:32,394,tie_silencer,empire,9,7,2,8,Dagobah
2024-05-20 16:16:31,395,unknown,resistance,1,6,2,2,Aleen Minor
2024-05-20 16:16:30,396,stormtrooper,empire,4,3,5,7,Shili
2024-05-20 16:16:29,397,at-at,empire,8,7,9,4,Shili
2024-05-20 16:16:28,398,unknown,resistance,6,10,3,5,Glee Anselm
2024-05-20 16:16:27,399,unknown,empire,4,3,2,4,Naboo
2024-05-20 16:16:26,400,at-st,empire,10,2,10,3,Sullust
2024-05-20 16:16:25,401,stormtrooper,resistance,5,3,2,5,Vulpter
2024-05-20 16:16:24,402,tie_fighter,resistance,6,9,6,9,Chandrila
2024-05-20 16:16:23,403,stormtrooper,empire,6,4,3,1,Mon Cala
2024-05-20 16:16:22,404,at-at,resistance,1,5,6,5,Eriadu
2024-05-20 16:16:21,405,at-at,empire,5,10,6,8,Tholoth
2024-05-20 16:16:20,406,tie_silencer,empire,6,10,4,7,Kalee
2024-05-20 16:16:19,407,at-st,empire,1,5,8,5,Ojom
2024-05-20 16:16:18,408,tie_silencer,empire,5,1,3,2,Iridonia
2024-05-20 16:16:17,409,at-st,empire,3,6,1,5,Troiken
2024-05-20 16:16:16,410,at-at,empire,8,1,3,4,Tund
2024-05-20 16:16:15,411,unknown,resistance,8,2,3,9,Tholoth
2024-05-20 16:16:14,412,unknown,resistance,8,4,8,1,Dathomir
2024-05-20 16:16:13,413,x-wing,empire,1,3,5,9,Iridonia
2024-05-20 16:16:12,414,resistance_soldier,empire,8,3,5,4,Stewjon
2024-05-20 16:16:11,415,x-wing,empire,2,7,4,2,Malastare
2024-05-20 16:16:10,416,resistance_soldier,empire,3,8,2,10,Haruun Kal
2024-05-20 16:16:09,417,stormtrooper,resistance,10,7,8,1,Skako
2024-05-20 16:16:08,418,at-st,resistance,3,9,10,1,Rodia
2024-05-20 16:16:07,419,unknown,empire,8,3,1,4,Tholoth
2024-05-20 16:16:06,420,unknown,empire,8,3,5,6,Glee Anselm
2024-05-20 16:16:05,421,at-at,empire,9,4,8,4,Dathomir
2024-05-20 16:16:04,422,stormtrooper,resistance,1,3,10,8,Dathomir
2024-05-20 16:16:03,423,stormtrooper,resistance,7,5,5,5,Sullust
2024-05-20 16:16:02,424,at-at,empire,8,2,2,4,Corellia
2024-05-20 16:16:01,425,tie_silencer,empire,10,2,8,6,Rodia
2024-05-20 16:16:00,426,unknown,empire,1,9,8,9,Mirial
2024-05-20 16:15:59,427,at-st,resistance,3,3,8,1,Dorin
2024-05-20 16:15:58,428,unknown,empire,8,10,2,10,Serenno
2024-05-20 16:15:57,429,resistance_soldier,resistance,8,10,3,5,Stewjon
2024-05-20 16:15:56,430,tie_silencer,empire,7,6,7,9,Eriadu
2024-05-20 16:15:55,431,tie_silencer,empire,1,3,5,9,Umbara
2024-05-20 16:15:54,432,tie_fighter,resistance,6,5,6,8,Malastare
2024-05-20 16:15:53,433,x-wing,resistance,6,1,4,7,Tatooine
2024-05-20 16:15:52,434,unknown,resistance,2,7,7,6,Malastare
2024-05-20 16:15:51,435,x-wing,empire,8,10,5,8,Toydaria
2024-05-20 16:15:50,436,tie_silencer,empire,8,7,3,5,Skako
2024-05-20 16:15:49,437,tie_silencer,resistance,6,6,3,8,Eriadu
2024-05-20 16:15:48,438,x-wing,resistance,7,9,10,8,Tund
2024-05-20 16:15:47,439,resistance_soldier,resistance,3,5,7,8,Muunilinst
2024-05-20 16:15:46,440,stormtrooper,resistance,10,9,7,7,Ryloth
2024-05-20 16:15:45,441,at-at,empire,9,9,7,5,Kalee
2024-05-20 16:15:44,442,unknown,resistance,9,5,2,2,Aleen Minor
2024-05-20 16:15:43,443,x-wing,resistance,6,6,8,7,Eriadu
2024-05-20 16:15:42,444,tie_silencer,resistance,4,8,4,8,Ojom
2024-05-20 16:15:41,445,resistance_soldier,resistance,9,5,6,6,Zolan
2024-05-20 16:15:40,446,x-wing,empire,9,9,4,9,Troiken
2024-05-20 16:15:39,447,unknown,empire,8,7,9,4,Toydaria
2024-05-20 16:15:38,448,stormtrooper,empire,8,7,7,9,Tund
2024-05-20 16:15:37,449,unknown,resistance,1,8,2,5,Chandrila
2024-05-20 16:15:36,450,tie_fighter,resistance,8,8,4,4,Iridonia
2024-05-20 16:15:35,451,at-at,resistance,2,3,10,7,Mon Cala
2024-05-20 16:15:34,452,resistance_soldier,empire,3,9,9,3,Vulpter
2024-05-20 16:15:33,453,at-at,empire,8,3,5,10,Glee Anselm
2024-05-20 16:15:32,454,tie_silencer,empire,8,7,4,1,Kashyyyk
2024-05-20 16:15:31,455,at-st,empire,8,2,3,5,Serenno
2024-05-20 16:15:30,456,at-at,resistance,1,10,6,9,Cerea
2024-05-20 16:15:29,457,tie_silencer,empire,8,6,10,5,Serenno
2024-05-20 16:15:28,458,x-wing,resistance,8,6,3,7,Stewjon
2024-05-20 16:15:27,459,at-st,resistance,9,9,4,5,Muunilinst
2024-05-20 16:15:26,460,at-at,resistance,5,3,10,4,Kashyyyk
2024-05-20 16:15:25,461,tie_fighter,resistance,9,10,9,3,Tund
2024-05-20 16:15:24,462,tie_silencer,empire,1,10,5,6,Haruun Kal
2024-05-20 16:15:23,463,stormtrooper,resistance,7,4,10,9,Quermia
2024-05-20 16:15:22,464,stormtrooper,resistance,1,2,1,8,Serenno
2024-05-20 16:15:21,465,x-wing,empire,4,3,9,9,Stewjon
2024-05-20 16:15:20,466,tie_fighter,empire,9,7,2,4,Naboo
2024-05-20 16:15:19,467,stormtrooper,resistance,5,5,3,3,Skako
2024-05-20 16:15:18,468,x-wing,resistance,4,2,4,10,Zolan
2024-05-20 16:15:17,469,at-st,empire,8,2,8,4,Tatooine
2024-05-20 16:15:16,470,unknown,empire,10,5,3,4,Ryloth
2024-05-20 16:15:15,471,x-wing,resistance,6,1,8,7,Naboo
2024-05-20 16:15:14,472,stormtrooper,resistance,2,3,10,8,Mirial
2024-05-20 16:15:13,473,tie_silencer,empire,5,9,5,6,Bestine IV
2024-05-20 16:15:12,474,unknown,empire,9,3,3,7,Troiken
2024-05-20 16:15:11,475,stormtrooper,empire,5,1,4,6,Ojom
2024-05-20 16:15:10,476,tie_silencer,empire,3,9,9,2,Muunilinst
2024-05-20 16:15:09,477,x-wing,empire,10,4,7,4,Tatooine
2024-05-20 16:15:08,478,at-st,resistance,1,1,7,5,Toydaria
2024-05-20 16:15:07,479,tie_fighter,empire,6,7,8,6,Naboo
2024-05-20 16:15:06,480,tie_silencer,empire,2,4,6,9,Naboo
2024-05-20 16:15:05,481,at-st,resistance,1,2,5,4,Bestine IV
2024-05-20 16:15:04,482,tie_fighter,empire,5,7,7,5,Muunilinst
2024-05-20 16:15:03,483,at-at,resistance,4,10,3,9,Troiken
2024-05-20 16:15:02,484,unknown,empire,3,10,6,8,Shili
2024-05-20 16:15:01,485,unknown,empire,4,8,2,7,Iridonia
2024-05-20 16:15:00,486,unknown,empire,1,9,8,9,Haruun Kal
2024-05-20 16:14:59,487,tie_fighter,empire,9,8,5,7,Tholoth
2024-05-20 16:14:58,488,x-wing,empire,1,7,8,10,Vulpter
2024-05-20 16:14:57,489,unknown,empire,3,8,3,6,Corellia
2024-05-20 16:14:56,490,at-at,empire,6,2,1,6,Rodia
2024-05-20 16:14:55,491,unknown,resistance,6,6,3,10,Eriadu
2024-05-20 16:14:54,492,at-st,resistance,9,6,8,7,Champala
2024-05-20 16:14:53,493,x-wing,empire,3,3,6,10,Dagobah
2024-05-20 16:14:52,494,at-at,resistance,7,1,10,2,Trandosha
2024-05-20 16:14:51,495,tie_fighter,empire,1,3,2,10,Aleen Minor
2024-05-20 16:14:50,496,unknown,resistance,2,6,4,7,Iridonia
2024-05-20 16:14:49,497,unknown,resistance,6,5,6,10,Chandrila
2024-05-20 16:14:48,498,stormtrooper,empire,2,9,4,3,Skako
2024-05-20 16:14:47,499,x-wing,empire,10,3,7,8,Tholoth
2024-05-20 16:14:46,500,at-at,resistance,6,2,7,6,Zolan
2024-05-20 16:14:45,501,tie_fighter,empire,8,4,4,3,Malastare
2024-05-20 16:14:44,502,tie_silencer,resistance,5,9,6,8,Kashyyyk
2024-05-20 16:14:43,503,unknown,resistance,2,10,3,7,Tatooine
2024-05-20 16:14:42,504,at-st,resistance,5,3,8,7,Vulpter
2024-05-20 16:14:41,505,x-wing,empire,1,1,4,1,Trandosha
2024-05-20 16:14:40,506,unknown,empire,10,1,5,2,Haruun Kal
2024-05-20 16:14:39,507,x-wing,empire,6,10,10,6,Naboo
2024-05-20 16:14:38,508,unknown,empire,1,3,9,9,Iktotch
2024-05-20 16:14:37,509,x-wing,empire,9,4,2,4,Dathomir
2024-05-20 16:14:36,510,at-st,resistance,4,7,3,8,Cerea
2024-05-20 16:14:35,511,at-st,resistance,5,10,10,5,Rodia
2024-05-20 16:14:34,512,resistance_soldier,resistance,5,2,1,7,Haruun Kal
2024-05-20 16:14:33,513,stormtrooper,empire,10,1,2,2,Aleen Minor
2024-05-20 16:14:32,514,tie_fighter,resistance,9,7,4,9,Dathomir
2024-05-20 16:14:31,515,unknown,resistance,8,10,4,4,Ojom
2024-05-20 16:14:30,516,tie_fighter,resistance,3,1,2,2,Tund
2024-05-20 16:14:29,517,resistance_soldier,resistance,6,10,4,7,Toydaria
2024-05-20 16:14:28,518,x-wing,empire,5,9,10,7,Skako
2024-05-20 16:14:27,519,at-at,resistance,1,8,5,5,Vulpter
2024-05-20 16:14:26,520,unknown,resistance,5,7,8,1,Shili
2024-05-20 16:14:25,521,stormtrooper,empire,9,3,3,6,Socorro
2024-05-20 16:14:24,522,stormtrooper,empire,1,3,2,6,Iridonia
2024-05-20 16:14:23,523,resistance_soldier,resistance,4,7,2,7,Iktotch
2024-05-20 16:14:22,524,unknown,empire,5,1,4,8,Troiken
2024-05-20 16:14:21,525,tie_silencer,resistance,4,8,9,6,Dagobah
2024-05-20 16:14:20,526,tie_silencer,empire,9,8,3,8,Naboo
2024-05-20 16:14:19,527,at-at,empire,5,10,1,3,Socorro
2024-05-20 16:14:18,528,resistance_soldier,resistance,3,6,3,3,Naboo
2024-05-20 16:14:17,529,at-st,resistance,8,3,6,10,Tholoth
2024-05-20 16:14:16,530,unknown,empire,10,8,2,5,Quermia
2024-05-20 16:14:15,531,x-wing,empire,4,1,1,9,Ojom
2024-05-20 16:14:14,532,at-st,empire,10,8,9,6,Champala
2024-05-20 16:14:13,533,stormtrooper,empire,4,4,3,9,Ryloth
2024-05-20 16:14:12,534,tie_fighter,resistance,2,8,8,4,Troiken
2024-05-20 16:14:11,535,tie_silencer,empire,3,3,4,3,Skako
2024-05-20 16:14:10,536,tie_silencer,resistance,3,10,5,1,Toydaria
2024-05-20 16:14:09,537,stormtrooper,empire,9,3,4,6,Troiken
2024-05-20 16:14:08,538,resistance_soldier,resistance,6,10,7,5,Shili
2024-05-20 16:14:07,539,stormtrooper,resistance,8,1,6,2,Eriadu
2024-05-20 16:14:06,540,unknown,resistance,5,1,8,10,Champala
2024-05-20 16:14:05,541,stormtrooper,empire,10,7,3,10,Stewjon
2024-05-20 16:14:04,542,at-st,empire,10,8,6,8,Shili
2024-05-20 16:14:03,543,stormtrooper,resistance,5,3,1,5,Kalee
2024-05-20 16:14:02,544,x-wing,empire,6,6,7,6,Naboo
2024-05-20 16:14:01,545,unknown,resistance,3,1,7,1,Socorro
2024-05-20 16:14:00,546,unknown,empire,6,2,5,8,Corellia
2024-05-20 16:13:59,547,at-at,empire,9,10,1,8,Dathomir
2024-05-20 16:13:58,548,stormtrooper,resistance,9,9,9,5,Champala
2024-05-20 16:13:57,549,tie_silencer,empire,6,4,6,7,Ryloth
2024-05-20 16:13:56,550,at-st,resistance,4,7,5,6,Alderaan
2024-05-20 16:13:55,551,at-st,resistance,10,6,5,2,Tund
2024-05-20 16:13:54,552,x-wing,empire,3,4,5,5,Glee Anselm
2024-05-20 16:13:53,553,at-at,empire,1,5,4,9,Toydaria
2024-05-20 16:13:52,554,stormtrooper,resistance,5,9,10,1,Concord Dawn
2024-05-20 16:13:51,555,resistance_soldier,empire,9,1,9,4,Shili
2024-05-20 16:13:50,556,tie_silencer,resistance,9,6,10,3,Dorin
2024-05-20 16:13:49,557,unknown,resistance,10,6,2,3,Eriadu
2024-05-20 16:13:48,558,stormtrooper,resistance,8,5,5,8,Rodia
2024-05-20 16:13:47,559,at-st,resistance,1,8,10,5,Kalee
2024-05-20 16:13:46,560,resistance_soldier,resistance,8,10,10,7,Skako
2024-05-20 16:13:45,561,tie_silencer,resistance,10,9,10,2,Troiken
2024-05-20 16:13:44,562,at-st,empire,2,4,1,1,Ojom
2024-05-20 16:13:43,563,unknown,empire,5,2,9,2,Socorro
2024-05-20 16:13:42,564,stormtrooper,resistance,2,5,8,7,Iridonia
2024-05-20 16:13:41,565,at-st,empire,3,5,3,2,Naboo
2024-05-20 16:13:40,566,tie_silencer,resistance,4,8,3,3,Corellia
2024-05-20 16:13:39,567,resistance_soldier,empire,7,9,5,10,Serenno
2024-05-20 16:13:38,568,tie_silencer,resistance,2,1,1,9,Corellia
2024-05-20 16:13:37,569,resistance_soldier,resistance,7,3,1,8,Kalee
2024-05-20 16:13:36,570,tie_fighter,empire,6,1,10,4,Corellia
2024-05-20 16:13:35,571,stormtrooper,resistance,4,3,5,1,Stewjon
2024-05-20 16:13:34,572,unknown,empire,1,3,3,6,Stewjon
2024-05-20 16:13:33,573,at-at,resistance,1,3,6,4,Kalee
2024-05-20 16:13:32,574,unknown,empire,5,6,9,1,Haruun Kal
2024-05-20 16:13:31,575,tie_fighter,resistance,8,1,6,7,Shili
2024-05-20 16:13:30,576,resistance_soldier,resistance,6,4,5,4,Tund
2024-05-20 16:13:29,577,tie_silencer,empire,6,2,7,4,Sullust
2024-05-20 16:13:28,578,resistance_soldier,resistance,2,5,5,6,Muunilinst
2024-05-20 16:13:27,579,tie_silencer,empire,2,3,1,6,Champala
2024-05-20 16:13:26,580,unknown,empire,5,1,6,9,Shili
2024-05-20 16:13:25,581,at-at,empire,3,2,4,6,Muunilinst
2024-05-20 16:13:24,582,tie_fighter,empire,8,2,5,3,Champala
2024-05-20 16:13:23,583,at-st,empire,6,5,2,2,Sullust
2024-05-20 16:13:22,584,unknown,empire,8,4,4,8,Malastare
2024-05-20 16:13:21,585,at-st,resistance,9,4,2,2,Chandrila
2024-05-20 16:13:20,586,x-wing,resistance,1,6,3,7,Quermia
2024-05-20 16:13:19,587,tie_silencer,empire,2,2,5,5,Kashyyyk
2024-05-20 16:13:18,588,resistance_soldier,resistance,6,1,8,10,Mon Cala
2024-05-20 16:13:17,589,unknown,resistance,10,2,10,10,Tholoth
2024-05-20 16:13:16,590,unknown,empire,9,9,2,8,Iktotch
2024-05-20 16:13:15,591,tie_fighter,empire,8,10,5,1,Corellia
2024-05-20 16:13:14,592,tie_fighter,resistance,4,7,7,7,Haruun Kal
2024-05-20 16:13:13,593,stormtrooper,empire,6,6,10,2,Ojom
2024-05-20 16:13:12,594,resistance_soldier,resistance,7,10,6,6,Socorro
2024-05-20 16:13:11,595,tie_silencer,resistance,5,5,9,2,Concord Dawn
2024-05-20 16:13:10,596,resistance_soldier,empire,2,7,4,3,Tund
2024-05-20 16:13:09,597,unknown,resistance,5,1,8,4,Ryloth
2024-05-20 16:13:08,598,resistance_soldier,empire,10,4,3,8,Ryloth
2024-05-20 16:13:07,599,resistance_soldier,resistance,3,9,6,7,Skako
2024-05-20 16:13:06,600,tie_silencer,empire,9,6,1,5,Iktotch
2024-05-20 16:13:05,601,at-st,resistance,9,8,2,5,Tholoth
2024-05-20 16:13:04,602,at-at,resistance,3,4,1,8,Muunilinst
2024-05-20 16:13:03,603,stormtrooper,empire,2,1,8,1,Dagobah
2024-05-20 16:13:02,604,resistance_soldier,empire,7,5,5,3,Toydaria
2024-05-20 16:13:01,605,stormtrooper,resistance,2,8,3,1,Glee Anselm
2024-05-20 16:13:00,606,at-st,resistance,9,5,6,7,Naboo
2024-05-20 16:12:59,607,tie_fighter,resistance,8,4,7,9,Haruun Kal
2024-05-20 16:12:58,608,tie_fighter,resistance,8,9,5,7,Chandrila
2024-05-20 16:12:57,609,unknown,empire,2,6,6,9,Zolan
2024-05-20 16:12:56,610,x-wing,empire,8,4,9,3,Shili
2024-05-20 16:12:55,611,at-at,empire,3,10,5,5,Zolan
2024-05-20 16:12:54,612,x-wing,empire,9,4,10,5,Naboo
2024-05-20 16:12:53,613,unknown,empire,5,7,7,1,Trandosha
2024-05-20 16:12:52,614,stormtrooper,resistance,6,2,3,10,Kalee
2024-05-20 16:12:51,615,tie_fighter,resistance,5,3,1,7,Dorin
2024-05-20 16:12:50,616,at-st,empire,9,5,4,1,Iridonia
2024-05-20 16:12:49,617,tie_fighter,empire,7,8,4,8,Sullust
2024-05-20 16:12:48,618,unknown,empire,6,6,7,9,Shili
2024-05-20 16:12:47,619,tie_fighter,resistance,5,6,5,1,Umbara
2024-05-20 16:12:46,620,tie_fighter,resistance,6,5,4,2,Serenno
2024-05-20 16:12:45,621,tie_fighter,resistance,1,2,2,10,Aleen Minor
2024-05-20 16:12:44,622,resistance_soldier,empire,3,1,1,10,Aleen Minor
2024-05-20 16:12:43,623,resistance_soldier,empire,3,9,4,6,Muunilinst
2024-05-20 16:12:42,624,unknown,empire,5,9,9,7,Iridonia
2024-05-20 16:12:41,625,unknown,resistance,3,7,10,9,Zolan
2024-05-20 16:12:40,626,unknown,resistance,1,6,6,10,Mon Cala
2024-05-20 16:12:39,627,at-at,empire,1,2,2,2,Dagobah
2024-05-20 16:12:38,628,tie_silencer,empire,7,4,2,2,Zolan
2024-05-20 16:12:37,629,tie_silencer,empire,8,8,9,1,Ryloth
2024-05-20 16:12:36,630,tie_fighter,empire,8,9,1,10,Dorin
2024-05-20 16:12:35,631,stormtrooper,resistance,1,8,9,9,Tatooine
2024-05-20 16:12:34,632,stormtrooper,resistance,4,9,3,10,Mirial
2024-05-20 16:12:33,633,at-st,resistance,10,5,3,3,Mon Cala
2024-05-20 16:12:32,634,tie_silencer,resistance,10,5,7,3,Iridonia
2024-05-20 16:12:31,635,tie_silencer,empire,1,6,9,9,Corellia
2024-05-20 16:12:30,636,stormtrooper,empire,8,9,5,7,Mirial
2024-05-20 16:12:29,637,x-wing,empire,10,1,1,8,Iktotch
2024-05-20 16:12:28,638,tie_silencer,empire,9,10,7,3,Corellia
2024-05-20 16:12:27,639,tie_silencer,resistance,2,6,1,8,Dagobah
2024-05-20 16:12:26,640,resistance_soldier,empire,6,9,10,5,Glee Anselm
2024-05-20 16:12:25,641,tie_silencer,resistance,6,3,1,4,Cerea
2024-05-20 16:12:24,642,tie_fighter,resistance,8,10,10,7,Eriadu
2024-05-20 16:12:23,643,at-at,resistance,7,2,2,2,Bestine IV
2024-05-20 16:12:22,644,tie_fighter,resistance,4,9,7,5,Dathomir
2024-05-20 16:12:21,645,tie_fighter,empire,6,2,4,4,Cerea
2024-05-20 16:12:20,646,tie_silencer,resistance,10,3,7,6,Troiken
2024-05-20 16:12:19,647,tie_silencer,resistance,2,7,8,8,Haruun Kal
2024-05-20 16:12:18,648,at-st,empire,4,7,1,4,Vulpter
2024-05-20 16:12:17,649,at-st,resistance,8,4,7,10,Sullust
2024-05-20 16:12:16,650,resistance_soldier,resistance,3,2,6,3,Tholoth
2024-05-20 16:12:15,651,at-at,empire,4,10,2,9,Dathomir
2024-05-20 16:12:14,652,unknown,empire,6,4,2,1,Haruun Kal
2024-05-20 16:12:13,653,at-at,resistance,3,2,8,1,Skako
2024-05-20 16:12:12,654,stormtrooper,resistance,10,3,10,3,Quermia
2024-05-20 16:12:11,655,x-wing,empire,10,9,6,10,Kashyyyk
2024-05-20 16:12:10,656,unknown,empire,5,6,1,5,Skako
2024-05-20 16:12:09,657,tie_silencer,empire,1,2,5,5,Dathomir
2024-05-20 16:12:08,658,tie_silencer,resistance,8,1,7,8,Sullust
2024-05-20 16:12:07,659,unknown,empire,9,2,6,1,Corellia
2024-05-20 16:12:06,660,unknown,resistance,9,7,7,9,Iridonia
2024-05-20 16:12:05,661,at-st,empire,2,6,3,4,Toydaria
2024-05-20 16:12:04,662,x-wing,empire,5,2,3,1,Vulpter
2024-05-20 16:12:03,663,unknown,resistance,7,4,2,2,Stewjon
2024-05-20 16:12:02,664,stormtrooper,resistance,2,8,7,1,Eriadu
2024-05-20 16:12:01,665,resistance_soldier,empire,2,1,8,8,Bestine IV
2024-05-20 16:12:00,666,at-st,resistance,2,4,8,5,Socorro
2024-05-20 16:11:59,667,tie_silencer,empire,2,8,9,6,Stewjon
2024-05-20 16:11:58,668,at-st,empire,2,9,10,4,Tholoth
2024-05-20 16:11:57,669,resistance_soldier,resistance,1,5,4,8,Stewjon
2024-05-20 16:11:56,670,tie_fighter,empire,8,6,9,6,Cerea
2024-05-20 16:11:55,671,at-at,resistance,2,10,6,4,Haruun Kal
2024-05-20 16:11:54,672,stormtrooper,empire,6,7,2,6,Stewjon
2024-05-20 16:11:53,673,at-st,resistance,1,9,9,2,Aleen Minor
2024-05-20 16:11:52,674,resistance_soldier,empire,3,6,9,1,Concord Dawn
2024-05-20 16:11:51,675,at-st,empire,10,9,10,5,Glee Anselm
2024-05-20 16:11:50,676,at-at,resistance,3,9,10,7,Dathomir
2024-05-20 16:11:49,677,at-at,empire,7,3,5,10,Concord Dawn
2024-05-20 16:11:48,678,at-st,empire,3,7,2,7,Glee Anselm
2024-05-20 16:11:47,679,tie_fighter,empire,10,10,10,6,Quermia
2024-05-20 16:11:46,680,at-at,empire,4,3,3,2,Mon Cala
2024-05-20 16:11:45,681,stormtrooper,resistance,9,3,4,10,Bestine IV
2024-05-20 16:11:44,682,at-st,resistance,5,1,5,7,Dorin
2024-05-20 16:11:43,683,tie_fighter,empire,9,7,1,4,Skako
2024-05-20 16:11:42,684,tie_fighter,empire,8,5,4,7,Sullust
2024-05-20 16:11:41,685,unknown,resistance,5,10,7,10,Haruun Kal
2024-05-20 16:11:40,686,x-wing,empire,8,8,5,2,Champala
2024-05-20 16:11:39,687,resistance_soldier,empire,8,9,4,2,Muunilinst
2024-05-20 16:11:38,688,at-at,resistance,6,4,4,6,Ryloth
2024-05-20 16:11:37,689,stormtrooper,empire,10,6,1,1,Iktotch
2024-05-20 16:11:36,690,tie_silencer,empire,3,4,6,3,Zolan
2024-05-20 16:11:35,691,tie_fighter,empire,6,2,4,3,Malastare
2024-05-20 16:11:34,692,at-at,resistance,7,9,1,3,Shili
2024-05-20 16:11:33,693,tie_fighter,empire,6,9,4,9,Umbara
2024-05-20 16:11:32,694,unknown,resistance,5,1,10,4,Champala
2024-05-20 16:11:31,695,x-wing,resistance,5,5,2,1,Ojom
2024-05-20 16:11:30,696,at-st,resistance,4,5,1,2,Alderaan
2024-05-20 16:11:29,697,stormtrooper,empire,3,9,5,5,Dagobah
2024-05-20 16:11:28,698,stormtrooper,resistance,10,8,5,5,Tatooine
2024-05-20 16:11:27,699,stormtrooper,resistance,9,9,9,3,Dagobah
2024-05-20 16:11:26,700,at-at,empire,4,10,9,9,Tund
2024-05-20 16:11:25,701,stormtrooper,resistance,4,8,5,9,Ryloth
2024-05-20 16:11:24,702,tie_fighter,resistance,4,8,8,1,Tatooine
2024-05-20 16:11:23,703,x-wing,resistance,2,1,5,6,Dagobah
2024-05-20 16:11:22,704,at-at,resistance,5,5,5,3,Vulpter
2024-05-20 16:11:21,705,x-wing,empire,6,2,6,9,Muunilinst
2024-05-20 16:11:20,706,tie_fighter,resistance,4,8,3,8,Mirial
2024-05-20 16:11:19,707,tie_fighter,resistance,5,4,9,10,Cerea
2024-05-20 16:11:18,708,unknown,resistance,6,9,10,3,Socorro
2024-05-20 16:11:17,709,at-at,empire,7,1,7,10,Iridonia
2024-05-20 16:11:16,710,tie_fighter,resistance,1,5,7,2,Shili
2024-05-20 16:11:15,711,unknown,empire,6,10,9,1,Corellia
2024-05-20 16:11:14,712,at-st,resistance,2,1,3,2,Haruun Kal
2024-05-20 16:11:13,713,at-at,resistance,6,9,8,9,Dorin
2024-05-20 16:11:12,714,resistance_soldier,resistance,4,7,4,1,Mirial
2024-05-20 16:11:11,715,tie_silencer,empire,8,9,2,10,Ryloth
2024-05-20 16:11:10,716,unknown,empire,7,7,8,8,Quermia
2024-05-20 16:11:09,717,x-wing,empire,10,3,9,10,Rodia
2024-05-20 16:11:08,718,stormtrooper,empire,9,10,7,5,Champala
2024-05-20 16:11:07,719,stormtrooper,resistance,7,3,8,10,Dathomir
2024-05-20 16:11:06,720,unknown,empire,10,7,10,1,Socorro
2024-05-20 16:11:05,721,unknown,resistance,1,4,1,4,Trandosha
2024-05-20 16:11:04,722,stormtrooper,resistance,2,1,6,8,Naboo
2024-05-20 16:11:03,723,tie_silencer,resistance,8,10,10,5,Serenno
2024-05-20 16:11:02,724,resistance_soldier,resistance,1,2,8,8,Stewjon
2024-05-20 16:11:01,725,at-at,empire,6,10,6,8,Haruun Kal
2024-05-20 16:11:00,726,resistance_soldier,empire,10,8,4,9,Mon Cala
2024-05-20 16:10:59,727,tie_fighter,empire,7,10,3,6,Mirial
2024-05-20 16:10:58,728,tie_fighter,resistance,8,5,3,4,Kashyyyk
2024-05-20 16:10:57,729,at-at,empire,3,1,4,5,Ojom
2024-05-20 16:10:56,730,x-wing,resistance,8,6,2,3,Serenno
2024-05-20 16:10:55,731,at-st,empire,8,1,6,5,Alderaan
2024-05-20 16:10:54,732,unknown,empire,7,4,2,8,Haruun Kal
2024-05-20 16:10:53,733,x-wing,resistance,6,2,3,6,Malastare
2024-05-20 16:10:52,734,resistance_soldier,resistance,8,4,9,6,Shili
2024-05-20 16:10:51,735,unknown,resistance,10,3,3,10,Chandrila
2024-05-20 16:10:50,736,at-st,empire,4,3,5,4,Kashyyyk
2024-05-20 16:10:49,737,stormtrooper,resistance,1,8,8,6,Mon Cala
2024-05-20 16:10:48,738,resistance_soldier,empire,3,2,2,9,Kalee
2024-05-20 16:10:47,739,x-wing,resistance,8,5,6,10,Iktotch
2024-05-20 16:10:46,740,at-at,empire,2,2,1,5,Stewjon
2024-05-20 16:10:45,741,x-wing,resistance,1,6,2,6,Serenno
2024-05-20 16:10:44,742,tie_silencer,empire,2,8,2,9,Vulpter
2024-05-20 16:10:43,743,tie_silencer,empire,3,10,1,10,Haruun Kal
2024-05-20 16:10:42,744,resistance_soldier,resistance,6,4,7,6,Malastare
2024-05-20 16:10:41,745,stormtrooper,resistance,8,4,3,2,Quermia
2024-05-20 16:10:40,746,at-st,resistance,1,9,10,7,Kashyyyk
2024-05-20 16:10:39,747,tie_silencer,resistance,8,6,4,5,Mon Cala
2024-05-20 16:10:38,748,tie_silencer,resistance,4,10,8,1,Vulpter
2024-05-20 16:10:37,749,unknown,resistance,1,8,9,1,Haruun Kal
2024-05-20 16:10:36,750,at-at,empire,9,3,2,2,Dorin
2024-05-20 16:10:35,751,x-wing,resistance,5,9,6,2,Kashyyyk
2024-05-20 16:10:34,752,unknown,resistance,3,5,5,7,Serenno
2024-05-20 16:10:33,753,unknown,resistance,2,9,4,8,Skako
2024-05-20 16:10:32,754,stormtrooper,empire,7,5,6,6,Champala
2024-05-20 16:10:31,755,at-at,empire,10,10,6,7,Ojom
2024-05-20 16:10:30,756,unknown,empire,6,2,6,8,Sullust
2024-05-20 16:10:29,757,stormtrooper,resistance,10,1,4,3,Trandosha
2024-05-20 16:10:28,758,tie_fighter,resistance,5,9,7,8,Tholoth
2024-05-20 16:10:27,759,at-st,empire,7,3,2,3,Iktotch
2024-05-20 16:10:26,760,unknown,empire,4,9,5,7,Tatooine
2024-05-20 16:10:25,761,unknown,empire,2,3,8,9,Iktotch
2024-05-20 16:10:24,762,tie_silencer,resistance,9,6,5,2,Serenno
2024-05-20 16:10:23,763,x-wing,empire,1,3,4,5,Alderaan
2024-05-20 16:10:22,764,resistance_soldier,empire,5,1,1,7,Troiken
2024-05-20 16:10:21,765,stormtrooper,resistance,1,5,10,10,Tholoth
2024-05-20 16:10:20,766,tie_silencer,resistance,1,1,10,8,Iktotch
2024-05-20 16:10:19,767,at-at,resistance,10,2,9,7,Umbara
2024-05-20 16:10:18,768,resistance_soldier,resistance,8,3,9,9,Dagobah
2024-05-20 16:10:17,769,at-st,empire,4,7,5,2,Vulpter
2024-05-20 16:10:16,770,stormtrooper,empire,8,5,2,9,Tund
2024-05-20 16:10:15,771,resistance_soldier,resistance,8,3,10,2,Tund
2024-05-20 16:10:14,772,x-wing,resistance,9,5,2,7,Ojom
2024-05-20 16:10:13,773,tie_silencer,empire,9,2,7,4,Iktotch
2024-05-20 16:10:12,774,tie_fighter,resistance,1,3,7,9,Kashyyyk
2024-05-20 16:10:11,775,at-at,resistance,8,7,2,7,Naboo
2024-05-20 16:10:10,776,at-st,empire,8,9,10,10,Iridonia
2024-05-20 16:10:09,777,x-wing,resistance,7,2,4,4,Bestine IV
2024-05-20 16:10:08,778,tie_silencer,resistance,10,10,2,7,Malastare
2024-05-20 16:10:07,779,resistance_soldier,empire,3,4,9,10,Chandrila
2024-05-20 16:10:06,780,unknown,resistance,8,10,8,2,Skako
2024-05-20 16:10:05,781,unknown,resistance,5,9,9,6,Shili
2024-05-20 16:10:04,782,at-at,resistance,8,6,3,3,Ryloth
2024-05-20 16:10:03,783,tie_fighter,empire,1,2,8,4,Tholoth
2024-05-20 16:10:02,784,tie_fighter,empire,1,8,2,7,Kashyyyk
2024-05-20 16:10:01,785,x-wing,empire,8,4,9,9,Socorro
2024-05-20 16:10:00,786,unknown,resistance,9,3,10,10,Kalee
2024-05-20 16:09:59,787,tie_silencer,resistance,2,2,10,3,Concord Dawn
2024-05-20 16:09:58,788,tie_silencer,resistance,7,5,10,9,Iridonia
2024-05-20 16:09:57,789,at-at,resistance,5,3,10,10,Socorro
2024-05-20 16:09:56,790,tie_silencer,empire,6,8,3,9,Umbara
2024-05-20 16:09:55,791,at-at,empire,4,7,10,10,Shili
2024-05-20 16:09:54,792,unknown,resistance,4,5,9,7,Skako
2024-05-20 16:09:53,793,resistance_soldier,resistance,2,3,5,2,Mirial
2024-05-20 16:09:52,794,tie_silencer,resistance,1,1,2,1,Malastare
2024-05-20 16:09:51,795,resistance_soldier,empire,1,8,8,5,Ryloth
2024-05-20 16:09:50,796,unknown,resistance,8,7,6,5,Mirial
2024-05-20 16:09:49,797,at-st,resistance,3,8,9,4,Alderaan
2024-05-20 16:09:48,798,stormtrooper,resistance,2,10,6,7,Concord Dawn
2024-05-20 16:09:47,799,unknown,resistance,2,9,6,5,Glee Anselm
2024-05-20 16:09:46,800,resistance_soldier,empire,4,9,4,8,Dorin
2024-05-20 16:09:45,801,tie_silencer,resistance,5,7,3,9,Dagobah
2024-05-20 16:09:44,802,x-wing,empire,6,6,2,4,Toydaria
2024-05-20 16:09:43,803,tie_fighter,empire,5,2,4,3,Trandosha
2024-05-20 16:09:42,804,at-st,resistance,5,2,4,4,Tatooine
2024-05-20 16:09:41,805,at-st,resistance,5,9,2,7,Haruun Kal
2024-05-20 16:09:40,806,tie_fighter,empire,4,9,5,10,Dagobah
2024-05-20 16:09:39,807,tie_silencer,resistance,1,9,1,3,Sullust
2024-05-20 16:09:38,808,stormtrooper,empire,3,10,10,3,Haruun Kal
2024-05-20 16:09:37,809,tie_silencer,empire,9,7,7,9,Ryloth
2024-05-20 16:09:36,810,at-at,resistance,5,7,6,9,Ryloth
2024-05-20 16:09:35,811,at-st,resistance,5,10,10,10,Dagobah
2024-05-20 16:09:34,812,x-wing,empire,7,3,5,1,Naboo
2024-05-20 16:09:33,813,x-wing,empire,6,1,2,3,Malastare
2024-05-20 16:09:32,814,tie_fighter,empire,2,2,4,3,Glee Anselm
2024-05-20 16:09:31,815,x-wing,resistance,5,5,6,9,Sullust
2024-05-20 16:09:30,816,tie_fighter,resistance,6,10,8,2,Vulpter
2024-05-20 16:09:29,817,x-wing,resistance,2,8,6,5,Champala
2024-05-20 16:09:28,818,unknown,resistance,8,1,4,8,Skako
2024-05-20 16:09:27,819,tie_fighter,empire,9,5,7,5,Haruun Kal
2024-05-20 16:09:26,820,tie_silencer,resistance,6,6,6,4,Champala
2024-05-20 16:09:25,821,at-at,empire,9,3,6,6,Socorro
2024-05-20 16:09:24,822,at-at,empire,2,7,7,10,Dagobah
2024-05-20 16:09:23,823,unknown,resistance,3,3,7,9,Eriadu
2024-05-20 16:09:22,824,tie_silencer,resistance,1,5,1,7,Quermia
2024-05-20 16:09:21,825,stormtrooper,resistance,2,10,3,3,Umbara
2024-05-20 16:09:20,826,at-at,resistance,2,10,10,10,Corellia
2024-05-20 16:09:19,827,unknown,resistance,1,9,7,5,Tund
2024-05-20 16:09:18,828,at-st,empire,3,8,5,7,Umbara
2024-05-20 16:09:17,829,at-st,empire,7,4,4,1,Alderaan
2024-05-20 16:09:16,830,stormtrooper,resistance,6,8,6,9,Mon Cala
2024-05-20 16:09:15,831,tie_silencer,resistance,5,9,3,3,Tholoth
2024-05-20 16:09:14,832,resistance_soldier,empire,3,10,10,2,Aleen Minor
2024-05-20 16:09:13,833,tie_silencer,empire,4,6,10,10,Vulpter
2024-05-20 16:09:12,834,x-wing,resistance,5,9,5,9,Bestine IV
2024-05-20 16:09:11,835,at-st,resistance,2,6,2,6,Glee Anselm
2024-05-20 16:09:10,836,at-st,resistance,1,5,8,3,Corellia
2024-05-20 16:09:09,837,at-st,resistance,2,9,4,3,Tund
2024-05-20 16:09:08,838,tie_fighter,resistance,8,5,7,7,Kalee
2024-05-20 16:09:07,839,unknown,resistance,1,2,3,8,Haruun Kal
2024-05-20 16:09:06,840,at-at,empire,7,1,2,6,Glee Anselm
2024-05-20 16:09:05,841,tie_fighter,resistance,3,1,1,6,Eriadu
2024-05-20 16:09:04,842,at-st,empire,7,2,7,4,Sullust
2024-05-20 16:09:03,843,tie_silencer,empire,7,4,3,3,Champala
2024-05-20 16:09:02,844,resistance_soldier,resistance,6,6,7,1,Vulpter
2024-05-20 16:09:01,845,unknown,resistance,8,9,8,2,Serenno
2024-05-20 16:09:00,846,resistance_soldier,resistance,6,5,10,8,Concord Dawn
2024-05-20 16:08:59,847,resistance_soldier,empire,7,8,4,8,Dagobah
2024-05-20 16:08:58,848,tie_fighter,empire,3,3,10,6,Toydaria
2024-05-20 16:08:57,849,resistance_soldier,empire,1,2,4,6,Socorro
2024-05-20 16:08:56,850,unknown,resistance,4,7,2,6,Shili
2024-05-20 16:08:55,851,at-at,resistance,2,9,10,2,Mirial
2024-05-20 16:08:54,852,stormtrooper,empire,5,8,8,8,Rodia
2024-05-20 16:08:53,853,x-wing,resistance,7,9,9,7,Tund
2024-05-20 16:08:52,854,stormtrooper,resistance,6,3,1,10,Sullust
2024-05-20 16:08:51,855,resistance_soldier,resistance,3,7,8,2,Toydaria
2024-05-20 16:08:50,856,tie_silencer,empire,4,9,5,7,Kalee
2024-05-20 16:08:49,857,tie_silencer,resistance,6,6,9,4,Mirial
2024-05-20 16:08:48,858,unknown,resistance,4,3,4,3,Muunilinst
2024-05-20 16:08:47,859,unknown,resistance,4,6,4,2,Eriadu
2024-05-20 16:08:46,860,resistance_soldier,empire,5,6,5,10,Quermia
2024-05-20 16:08:45,861,stormtrooper,resistance,5,9,1,2,Shili
2024-05-20 16:08:44,862,at-at,resistance,8,8,5,1,Dagobah
2024-05-20 16:08:43,863,tie_fighter,resistance,9,9,8,6,Tatooine
2024-05-20 16:08:42,864,tie_silencer,empire,6,3,10,3,Shili
2024-05-20 16:08:41,865,at-st,empire,2,2,1,3,Dorin
2024-05-20 16:08:40,866,resistance_soldier,empire,5,4,5,5,Tund
2024-05-20 16:08:39,867,stormtrooper,empire,4,4,5,9,Shili
2024-05-20 16:08:38,868,at-at,empire,10,6,10,2,Dathomir
2024-05-20 16:08:37,869,unknown,resistance,8,1,3,10,Malastare
2024-05-20 16:08:36,870,tie_silencer,resistance,1,8,10,3,Malastare
2024-05-20 16:08:35,871,unknown,empire,5,4,2,2,Shili
2024-05-20 16:08:34,872,stormtrooper,empire,6,7,10,5,Ryloth
2024-05-20 16:08:33,873,stormtrooper,resistance,10,10,9,3,Ojom
2024-05-20 16:08:32,874,resistance_soldier,resistance,5,6,3,7,Tatooine
2024-05-20 16:08:31,875,stormtrooper,empire,9,6,9,4,Iktotch
2024-05-20 16:08:30,876,tie_silencer,empire,9,5,6,10,Chandrila
2024-05-20 16:08:29,877,unknown,resistance,5,1,9,6,Muunilinst
2024-05-20 16:08:28,878,unknown,empire,10,4,1,3,Tund
2024-05-20 16:08:27,879,stormtrooper,resistance,4,8,9,4,Iktotch
2024-05-20 16:08:26,880,at-st,empire,9,3,9,1,Concord Dawn
2024-05-20 16:08:25,881,unknown,empire,9,9,3,1,Iktotch
2024-05-20 16:08:24,882,tie_silencer,resistance,8,8,1,3,Champala
2024-05-20 16:08:23,883,at-at,empire,5,8,7,5,Haruun Kal
2024-05-20 16:08:22,884,stormtrooper,empire,8,9,5,6,Eriadu
2024-05-20 16:08:21,885,x-wing,empire,8,2,1,1,Malastare
2024-05-20 16:08:20,886,unknown,resistance,9,2,2,9,Alderaan
2024-05-20 16:08:19,887,at-at,empire,10,3,7,8,Haruun Kal
2024-05-20 16:08:18,888,at-at,empire,2,7,1,10,Rodia
2024-05-20 16:08:17,889,unknown,resistance,5,10,3,8,Corellia
2024-05-20 16:08:16,890,tie_fighter,empire,9,2,6,1,Iridonia
2024-05-20 16:08:15,891,tie_silencer,resistance,6,10,2,6,Umbara
2024-05-20 16:08:14,892,x-wing,empire,8,6,9,5,Iridonia
2024-05-20 16:08:13,893,tie_fighter,resistance,6,1,9,9,Socorro
2024-05-20 16:08:12,894,tie_fighter,resistance,6,7,10,2,Mirial
2024-05-20 16:08:11,895,unknown,empire,2,3,9,9,Kashyyyk
2024-05-20 16:08:10,896,tie_silencer,resistance,4,8,5,10,Vulpter
2024-05-20 16:08:09,897,tie_fighter,empire,3,9,3,10,Cerea
2024-05-20 16:08:08,898,at-at,empire,1,9,4,5,Ryloth
2024-05-20 16:08:07,899,x-wing,resistance,2,4,2,2,Sullust
2024-05-20 16:08:06,900,at-at,resistance,4,6,9,8,Tund
2024-05-20 16:08:05,901,at-at,resistance,2,10,7,7,Iridonia
2024-05-20 16:08:04,902,at-at,resistance,6,3,7,5,Bestine IV
2024-05-20 16:08:03,903,unknown,empire,5,2,3,2,Corellia
2024-05-20 16:08:02,904,resistance_soldier,resistance,1,4,1,9,Glee Anselm
2024-05-20 16:08:01,905,tie_fighter,empire,10,7,9,1,Alderaan
2024-05-20 16:08:00,906,resistance_soldier,empire,9,7,2,6,Chandrila
2024-05-20 16:07:59,907,at-st,resistance,7,2,2,8,Shili
2024-05-20 16:07:58,908,tie_fighter,empire,6,4,9,10,Mon Cala
2024-05-20 16:07:57,909,tie_silencer,empire,3,10,8,4,Eriadu
2024-05-20 16:07:56,910,tie_silencer,resistance,8,6,1,1,Dorin
2024-05-20 16:07:55,911,unknown,resistance,4,4,2,4,Aleen Minor
2024-05-20 16:07:54,912,at-st,empire,5,5,7,2,Alderaan
2024-05-20 16:07:53,913,resistance_soldier,empire,10,6,3,4,Dorin
2024-05-20 16:07:52,914,at-st,resistance,7,7,4,8,Malastare
2024-05-20 16:07:51,915,at-at,empire,6,7,4,1,Naboo
2024-05-20 16:07:50,916,x-wing,empire,9,10,4,2,Cerea
2024-05-20 16:07:49,917,resistance_soldier,empire,10,1,1,4,Mirial
2024-05-20 16:07:48,918,resistance_soldier,resistance,2,3,3,1,Eriadu
2024-05-20 16:07:47,919,at-st,empire,6,8,1,10,Zolan
2024-05-20 16:07:46,920,tie_silencer,empire,6,5,7,9,Skako
2024-05-20 16:07:45,921,stormtrooper,resistance,10,6,5,1,Sullust
2024-05-20 16:07:44,922,stormtrooper,empire,3,3,2,6,Tatooine
2024-05-20 16:07:43,923,unknown,empire,1,4,10,2,Tholoth
2024-05-20 16:07:42,924,at-st,resistance,8,6,6,9,Dorin
2024-05-20 16:07:41,925,tie_silencer,resistance,4,2,7,10,Mon Cala
2024-05-20 16:07:40,926,resistance_soldier,resistance,5,7,8,5,Muunilinst
2024-05-20 16:07:39,927,unknown,resistance,1,4,5,3,Iridonia
2024-05-20 16:07:38,928,at-st,empire,6,3,3,6,Kalee
2024-05-20 16:07:37,929,tie_silencer,empire,10,2,9,4,Bestine IV
2024-05-20 16:07:36,930,at-at,empire,2,8,1,1,Rodia
2024-05-20 16:07:35,931,stormtrooper,empire,7,9,9,6,Aleen Minor
2024-05-20 16:07:34,932,resistance_soldier,empire,2,6,2,7,Ryloth
2024-05-20 16:07:33,933,unknown,empire,6,9,5,10,Haruun Kal
2024-05-20 16:07:32,934,tie_silencer,empire,3,7,4,5,Vulpter
2024-05-20 16:07:31,935,x-wing,resistance,5,9,5,7,Skako
2024-05-20 16:07:30,936,tie_fighter,resistance,7,2,2,5,Concord Dawn
2024-05-20 16:07:29,937,at-at,empire,8,10,8,7,Mirial
2024-05-20 16:07:28,938,x-wing,resistance,7,4,1,5,Iktotch
2024-05-20 16:07:27,939,unknown,resistance,7,10,6,3,Mirial
2024-05-20 16:07:26,940,x-wing,resistance,7,1,7,9,Ryloth
2024-05-20 16:07:25,941,stormtrooper,resistance,9,2,5,4,Cerea
2024-05-20 16:07:24,942,at-st,empire,7,7,2,1,Iktotch
2024-05-20 16:07:23,943,resistance_soldier,resistance,10,8,7,4,Toydaria
2024-05-20 16:07:22,944,tie_silencer,empire,3,9,6,3,Cerea
2024-05-20 16:07:21,945,tie_silencer,resistance,3,1,10,3,Naboo
2024-05-20 16:07:20,946,tie_fighter,empire,3,5,6,7,Vulpter
2024-05-20 16:07:19,947,unknown,empire,2,6,10,7,Cerea
2024-05-20 16:07:18,948,tie_fighter,resistance,7,2,8,8,Corellia
2024-05-20 16:07:17,949,resistance_soldier,empire,5,5,4,7,Umbara
2024-05-20 16:07:16,950,at-st,resistance,4,9,2,6,Glee Anselm
2024-05-20 16:07:15,951,x-wing,empire,5,9,4,5,Skako
2024-05-20 16:07:14,952,tie_silencer,empire,8,3,3,6,Dagobah
2024-05-20 16:07:13,953,tie_silencer,empire,3,3,3,8,Dathomir
2024-05-20 16:07:12,954,at-at,empire,10,4,7,1,Troiken
2024-05-20 16:07:11,955,tie_fighter,empire,8,8,10,5,Troiken
2024-05-20 16:07:10,956,tie_silencer,empire,10,9,10,6,Skako
2024-05-20 16:07:09,957,resistance_soldier,resistance,10,1,7,10,Kashyyyk
2024-05-20 16:07:08,958,stormtrooper,empire,7,3,10,10,Ryloth
2024-05-20 16:07:07,959,tie_fighter,resistance,4,10,2,1,Kashyyyk
2024-05-20 16:07:06,960,unknown,empire,7,4,1,1,Troiken
2024-05-20 16:07:05,961,unknown,resistance,7,5,5,1,Socorro
2024-05-20 16:07:04,962,x-wing,empire,9,6,6,7,Haruun Kal
2024-05-20 16:07:03,963,stormtrooper,empire,10,5,7,9,Dathomir
2024-05-20 16:07:02,964,stormtrooper,resistance,2,10,9,4,Dathomir
2024-05-20 16:07:01,965,stormtrooper,resistance,2,9,5,2,Glee Anselm
2024-05-20 16:07:00,966,resistance_soldier,empire,10,5,4,3,Iridonia
2024-05-20 16:06:59,967,at-st,empire,3,5,4,9,Sullust
2024-05-20 16:06:58,968,tie_fighter,resistance,9,7,1,10,Troiken
2024-05-20 16:06:57,969,at-st,empire,1,7,2,6,Umbara
2024-05-20 16:06:56,970,x-wing,resistance,1,10,8,4,Umbara
2024-05-20 16:06:55,971,stormtrooper,resistance,8,4,8,1,Quermia
2024-05-20 16:06:54,972,stormtrooper,empire,2,1,3,10,Ojom
2024-05-20 16:06:53,973,resistance_soldier,empire,1,5,6,3,Tholoth
2024-05-20 16:06:52,974,at-st,resistance,4,5,8,2,Ojom
2024-05-20 16:06:51,975,tie_silencer,resistance,2,4,5,10,Mon Cala
2024-05-20 16:06:50,976,tie_fighter,empire,10,4,6,3,Dathomir
2024-05-20 16:06:49,977,x-wing,empire,1,9,9,3,Malastare
2024-05-20 16:06:48,978,at-st,empire,1,8,5,3,Dagobah
2024-05-20 16:06:47,979,unknown,resistance,4,9,3,5,Malastare
2024-05-20 16:06:46,980,stormtrooper,empire,6,5,1,6,Bestine IV
2024-05-20 16:06:45,981,stormtrooper,empire,10,8,9,9,Iktotch
2024-05-20 16:06:44,982,at-st,empire,4,3,9,10,Iridonia
2024-05-20 16:06:43,983,at-at,empire,9,2,2,8,Serenno
2024-05-20 16:06:42,984,resistance_soldier,empire,1,2,2,2,Dorin
2024-05-20 16:06:41,985,resistance_soldier,empire,9,8,1,8,Vulpter
2024-05-20 16:06:40,986,at-at,empire,6,1,7,5,Corellia
2024-05-20 16:06:39,987,tie_silencer,empire,10,5,1,9,Haruun Kal
2024-05-20 16:06:38,988,at-at,empire,4,9,9,5,Champala
2024-05-20 16:06:37,989,x-wing,empire,3,1,5,2,Socorro
2024-05-20 16:06:36,990,at-at,resistance,5,10,6,1,Ojom
2024-05-20 16:06:35,991,stormtrooper,resistance,4,1,1,8,Haruun Kal
2024-05-20 16:06:34,992,tie_fighter,empire,4,3,6,7,Chandrila
2024-05-20 16:06:33,993,tie_silencer,empire,5,10,3,9,Chandrila
2024-05-20 16:06:32,994,stormtrooper,empire,1,3,9,3,Mirial
2024-05-20 16:06:31,995,tie_silencer,resistance,3,3,2,10,Alderaan
2024-05-20 16:06:30,996,tie_silencer,empire,2,10,1,10,Naboo
2024-05-20 16:06:29,997,at-at,resistance,7,9,2,8,Troiken
2024-05-20 16:06:28,998,stormtrooper,empire,4,9,5,7,Concord Dawn
2024-05-20 16:06:27,999,stormtrooper,empire,2,5,2,2,Rodia
2024-05-20 16:06:26,1000,tie_silencer,empire,2,6,3,8,Dorin
